Sr. No,id,Brand,Merchant Sku,Product Name ,Manufacturer,Flavour,Mass,Supplier,Primary Product Category,Secondary Category,MRP,Weight,HSN Code,GST Rate,Flavor,Vegetarian/Non-Vegetarian,Manufactured in,Form,UPC
1,1,GNC,80200157,GNC L-Arginine 1000mg - Aids Maintain Healthy Blood Vessel Tone (90 Taplets),GNC,,,GNC,Protein & Fitness,Muscle Builders,2699,,21069099,18%,,Non-Vegetarian,USA,Caplet,48107123413
2,2,GNC,80200231,GNC Pro Performance L-Carnitine  500 - Fuels Nitric Oxide and Muscle Recovery (60 Tablets),GNC,,,GNC,Protein & Fitness,Muscle Builders,2999,,21069099,18%,,Non-Vegetarian,USA,Tablet,48107032227
3,3,GNC,80200446,GNC  Pro Performance BCAA 1800 - Aids Reduce Muscle Protein Breakdown (240 Capsules),GNC,,,GNC,Protein & Fitness,Muscle Builders,4849,,21069099,18%,,Non-Vegetarian,USA,Softgel,48107042509
4,4,GNC,80200752,GNC 100% Amplified Gold Whey Protein Advanced Powder,GNC,Vanilla,1.96 Lb,GNC,Protein & Fitness,Protein,5199,,21061000,18%,Vanilla,Vegetarian,USA,Powder,48107140205
5,4,GNC,80200749,GNC 100%  Amplified Gold Whey Protein Advanced Powder ,GNC,Chocolate,2.05 Lb,GNC,Protein & Fitness,Protein,5199,,21061000,18%,Chocolate,Vegetarian,USA,Powder,48107140199
6,5,GNC,80200700,GNC Pro Performance 100% Whey Protein Powder ,GNC,Vanilla,1.05 lb,GNC,Protein & Fitness,Protein,2999,,21061000,18%,Vanilla,Vegetarian,USA,Powder,48107167080
7,6,GNC,80200795,GNC Pro Performance 100% Amplified Gold Whey Protein Advanced ,GNC,Strawberry,1.98lb,GNC,Protein & Fitness,Protein,5199,,21061000,18%,Strawberry,Vegetarian,USA,Powder,48107140212
8,6,GNC,80200793,GNC Pro Performance 100% Amplified Gold Whey Protein Advanced ,GNC,Cookies N Cream,2.05lb,GNC,Protein & Fitness,Protein,5199,,21061000,18%,Cookies and cream,Vegetarian,USA,Powder,48107140229
9,7,GNC,80200710,GNC Pro Performance 100 % Whey Protein Powder for Weight Gain ,GNC,Chocolate,1.09lb,GNC,Protein & Fitness,Protein,2999,,21061000,18%,Chocolate,Vegetarian,USA,Powder,48107167073
10,8,GNC,80200831,"GNC Pro Performance Zinc Magnesium Amino Complex - Supports Anabolic Hormone Production, Promotes Deep Sleep & Relaxation (60 Tablets) ",GNC,,,GNC,Protein & Fitness,Performance Formulas,3999,,21069099,18%,,Non-Vegetarian,USA,Tablet,48107169619
11,5,GNC,80200702,GNC Pro Performance 100% Whey Protein Powder ,GNC,Strawberry,2.01lb,GNC,Protein & Fitness,Protein,4949,,21061000,18%,Strawberry,Vegetarian,USA,Powder,48107167158
12,5,GNC,80200683,GNC Pro Performance 100% Whey Protein Powder ,GNC,Cookies N Cream,2 lbs,GNC,Protein & Fitness,Protein,4899,,21061000,18%,Cookies and cream,Vegetarian,USA,Powder,48107167165
13,5,GNC,80200701,GNC Pro Performance 100% Whey Protein Powder ,GNC,Vanilla,2.02lb,GNC,Protein & Fitness,Protein,4899,,21061000,18%,Vanilla,Vegetarian,USA,Powder,48107167141
14,9,GNC,80200699,GNC Pro Performance 100% Whey Protein for Men & Women Powder ,GNC,Chocolate,2.1lb,GNC,Protein & Fitness,Protein,4899,,21061000,18%,Chocolate,Vegetarian,USA,Powder,48107167134
15,10,GNC,80200566,GNC Pro Performance HMB 100 - Supports Protein Synthesis and  Prevents Muscle Breakdown (240 Tablets),GNC,,,GNC,Protein & Fitness,Muscle Builders,5349,,21069099,18%,,Non-Vegetarian,USA,Capusle,48107064129
16,11,GNC,80200741,GNC Taurine 500mg-  Supports Muscle Function (50 Vegetarian Caplets),GNC,,,GNC,Protein & Fitness,Muscle Builders,1249,,21069099,18%,,Vegetarian,USA,Caplet,48107122577
17,12,GNC,80200367,GNC Pro Performance BCAA 1800 - Supports Muscle Tissue Recovery (120 Sofgel Capsules),GNC,,,GNC,Protein & Fitness,Muscle Builders,2349,,21069099,18%,,Non-Vegetarian,USA,Softgel,48107148782
18,13,GNC,80200715,GNC L Arginine And Citrulline (120 Caplets),GNC,,,GNC,Protein & Fitness,Muscle Builders,3049,,21069099,18%,,Non-Vegetarian,USA,Caplet,48107123390
19,14,GNC,80200860,GNC Pro Performance Bulk Gainer Powder (Chocolate) (7.14lb),GNC,,,GNC,Protein & Fitness,Protein,6299,,21061000,18%,Chocolate,Non-Vegetarian,USA,Powder,48107169664
20,15,GNC,80200697,GNC Mass Gainer Complex Powder for Men & Women (Chocolate) (2.5 Lbs),GNC,,,GNC,Protein & Fitness,Protein,3349,,21061000,18%,Chocolate,Vegetarian,USA,Powder,48107169688
21,16,GNC,80200694,"GNC Pro Performance Amino Complex 4400 - Helps Preserve Muscle Glycogen Stores, Provides More Energy and Intensity (240 Capsule)",GNC,,,GNC,Protein & Fitness,Muscle Builders,4299,,21069099,18%,,Non-Vegetarian,USA,Tablet,48107079581
22,17,GNC,80200540,GNC Amplified Mass XXX Cookies and Cream Powder for Improving Muscle Stamina & Strength (6.1 lb),GNC,,6.1lb,GNC,Protein & Fitness,Protein,6849,,21061000,18%,Cookies and Cream,Vegetarian,USA,Powder,48107087043
23,18,GNC,80200536,GNC Amplified Mass Gainer Powder (Chocolate Flavor) (6.1Lb),GNC,,,GNC,Protein & Fitness,Protein,6849,,21061000,18%,Chocolate,Vegetarian,USA,Powder,48107087005
24,19,GNC,80200602,"GNC Soy Protein Powder for Vegan, Unflavored (11.09 Oz) (315g)",GNC,,,GNC,Protein & Fitness,Protein,1999,,21061000,18%,,Vegetarian,USA,Powder,48107125936
25,20,GNC,80200377,GNC Pro Performance Amino 1000 - Full Spectrum Amino Acids (120 Softgel Capsule),GNC,,,GNC,Protein & Fitness,Muscle Builders,3049,,21069099,18%,,Non-Vegetarian,USA,Capusle,48107148294
26,21,GNC,80200368,GNC Creatine Monohydrate Powder for Improving Muscle Strength & Engery (250gm),GNC,,,GNC,Protein & Fitness,Muscle Builders,1849,,21069099,18%,,Vegetarian,USA,Powder,48107042820
27,22,GNC,80200751,GNC 100% Whey Amplified Gold Protein Powder ,GNC,Vanilla,4.9lb,GNC,Protein & Fitness,Protein,8549,,21061000,18%,Vanilla,Vegetarian,USA,Powder,48107140311
28,22,GNC,80200750,GNC 100% Whey Amplified Gold Protein Powder ,GNC,Chocolate,5.12lb,GNC,Protein & Fitness,Protein,8549,,21061000,18%,Chocolate,Vegetarian,USA,Powder,48107140236
29,23,GNC,80200796,GNC Pro Performance 100% Whey Protein Powder Amp Gold Advance (Strawberry) (4.94 lb),GNC,,,GNC,Protein & Fitness,Protein,8549,,21061000,18%,Strawberry,Vegetarian,USA,Powder,48107140328
30,17,GNC,80200538,GNC Amplified Mass XXX Powder for Improving Muscle Stamina & Strength (Vanilla Flavour) (6.1Lb),GNC,Vanilla,6.1lb,GNC,Protein & Fitness,Protein,6849,,21061000,18%,Vanilla,Vegetarian,USA,Powder,48107087012
31,24,GNC,80200452,GNC Pro Performance L-Glutamine - Supports Muscle Recovery (90 Softgel Capsule),GNC,,,GNC,Protein & Fitness,Muscle Builders,1999,,21069099,18%,,Non-Vegetarian,USA,Capusle,48107041410
32,5,GNC,80200703,GNC Pro Performance 100% Whey Protein Powder ,GNC,Strawberry,4.76lb,GNC,Protein & Fitness,Protein,7899,,21061000,18%,Strawberry,Vegetarian,USA,Powder,48107167226
33,5,GNC,80200718,GNC Pro Performance 100% Whey Protein Powder ,GNC,Cookies N Cream,4.84lb,GNC,Protein & Fitness,Protein,7899,,21061000,18%,Cookies and cream,Vegetarian,USA,Powder,48107167233
34,7,GNC,80200711,GNC Pro Performance 100 % Whey Protein Powder for Weight Gain ,GNC,Chocolate,5lb,GNC,Protein & Fitness,Protein,7899,,21061000,18%,Chocolate,Vegetarian,USA,Powder,48107167202
35,9,GNC,80200682,GNC Pro Performance 100% Whey Protein for Men & Women ,GNC,Vanilla Powder,4.8 lb,GNC,Protein & Fitness,Protein,7899,,21061000,18%,Vanilla,Vegetarian,USA,Powder,48107167219
36,25,GNC,80200669,GNC Unflavor Rapid Drive Glut 500 Powder (300gm),GNC,,,GNC,Protein & Fitness,Performance Formulas,3799,,21069099,18%,,Vegetarian,USA,Powder,48107090777
37,26,GNC,80200361,GNC Creatine Monohydrate Fuels Skeletal Muscles that Support Immediate Energy Production During Intensive Workouts (500 gm),GNC,,,GNC,Protein & Fitness,Muscle Builders,2649,,21069099,18%,,Vegetarian,USA,Powder,48107042790
38,27,GNC,80200038,GNC L-Glutamine Powder (1 lb),GNC,,,GNC,Protein & Fitness,Muscle Builders,4849,,21069099,18%,,Vegetarian,USA,Powder,48107042844
39,28,GNC,80200884,"GNC PUREDGE Complete Vegan Protein Powder, (Natural Vanilla) (2.38 lb)",GNC,,,GNC,Protein & Fitness,Protein,6749,,21061000,18%,Vanilla,Vegetarian,USA,Powder,48107154400
40,4,GNC,80200794,GNC Pro Performance Amplified Gold 100 Percent Whey Protein Advanced ,GNC,Cookies N Cream,2625g,GNC,Protein & Fitness,Protein,8549,,21061000,18%,Cookies and cream,Vegetarian,USA,Powder,48107140335
41,29,GNC,80200056,GNC Weight Gainer 2200 Powder ,GNC,Chocolate,6lb,GNC,Protein & Fitness,Protein,4299,,21061000,18%,Chocolate,Non-Vegetarian,USA,Powder,48107152628
42,29,GNC,80200057,GNC Weight Gainer 2200 Powder ,GNC,Vanilla,6lb,GNC,Protein & Fitness,Protein,4149,,21061000,18%,Vanilla Flavor,Non-Vegetarian,USA,Powder,48107152635
43,30,GNC,80200899,GNC Pro Performance Bulk 1340 - Vanilla for Weight gain (7.14 lbs),GNC,,,GNC,Protein & Fitness,Protein,6299,,21061000,18%,Vanilla,Non-Vegetarian,USA,Powder,48107156688
44,31,GNC,80200017,GNC Melatonin 3mg - Supports Restful Sleep (120 Vegetarian Tablets),GNC,,,GNC,Vitamins & Supplements,Specialty Supplements,2149,,21069099,18%,,Vegetarian,USA,Tablet,48107123055
45,32,GNC,80200615,"GNC Vitamin D-3 5000 IU Supports Teeth, Bone & Immune Health (180 Tablets)",GNC,,,GNC,Vitamins & Supplements,Vitamins A-Z,3699,,21069099,18%,,Non-Vegetarian,USA,Tablet,48107123512
46,33,GNC,80200621,"GNC Calcium Plus 1000 with Magnesium and Vitamin D3 for Building and Maintaning Strong, Healthy Bones (180 Caplets)",GNC,,,GNC,Vitamins & Supplements,Minerals,3849,,21069099,18%,,Non-Vegetarian,USA,Caplet,48107122737
47,34,GNC,80200181,GNC Zinc 50 mg A Dietary Supplement (100 Vegetarain Tablets),GNC,,,GNC,Vitamins & Supplements,Minerals,1649,,21069099,18%,,Vegetarian,USA,Tablet,48107121891
48,35,GNC,80200312,GNC Men's Staminol Daily Male Performance (60 Capsules),GNC,,,GNC,Vitamins & Supplements,Sexual Health,2599,,21069099,18%,,Non-Vegetarian,USA,Capusle,48107160517
49,36,GNC,80200101,GNC Women's Hair Skin And Nails Formula Supports Beauty From Within ,GNC,,120 Tablets,GNC,Vitamins & Supplements,Beauty Care,3499,,21069099,18%,,Non-Vegetarian,USA,Tablet,48107155544
50,37,GNC,80200485,GNC CoQ-10 100mg - Support Heart and Blood Vessel Function (30 Softgels),GNC,,,GNC,Vitamins & Supplements,Anti-Oxidants,2449,,21069099,18%,,Non-Vegetarian,USA,Capusle,48107083175
51,38,GNC,80200271,GNC Magnesium 500mg Essential for Calcium Absorption and Strong Bones and Teeth (120 Capsules),GNC,,,GNC,Vitamins & Supplements,Minerals,2249,,21069099,18%,,Non-Vegetarian,USA,Capusle,48107123611
52,39,GNC,80200020,GNC DHA 250 Omega 3 Fatty Acids - Supports Optimal Brain Function and Development (60 Softgels),GNC,,,GNC,Vitamins & Supplements,Fish Oil & Omegas,1999,,21069099,18%,,Non-Vegetarian,USA,Capusle,48107030124
53,40,GNC,80200193,GNC Flax Seed Oil 1000 mg (90 Softgel Capsules),GNC,,,GNC,Vitamins & Supplements,Fish Oil & Omegas,2199,,21069099,18%,,Non-Vegetarian,USA,Capusle,48107147846
54,41,GNC,80200161,GNC Mega Men Sport Timed Release (90 Caplets),GNC,,90 Caplets,GNC,Vitamins & Supplements,Multivitamins,3099,,21069099,18%,,Non-Vegetarian,USA,Caplet,48107154905
55,42,GNC,80200852,"GNC Preventive Nutrition Healthy Blood Pressure Formula - Supports Normal, Healthy Blood Pressure Levels (90 Capsule)",GNC,,,GNC,Vitamins & Supplements,Specialty Supplements,6099,,21069099,18%,,Non-Vegetarian,USA,Capusle,48107115876
56,43,GNC,80200840,GNC Kids Gummy Multivitamin For Bone & Immune Support (120 Gummies),GNC,,,GNC,Vitamins & Supplements,Multivitamins,2999,,21069099,18%,,Non-Vegetarian,USA,Gummies,48107115494
57,44,GNC,80200415,GNC Mega Men 50 Plus Timed Release ,GNC,,60 Caplets,GNC,Vitamins & Supplements,Multivitamins,2899,,21069099,18%,,Non-Vegetarian,USA,Caplet,48107155018
58,45,GNC,80200177,"GNC Ultra Nourish Hair Premium Formula for Men - Supports The Structural Foundation of Strong, Healthy Hair (120 Caplets)",GNC,,,GNC,Vitamins & Supplements,Beauty Care,2699,,21069099,18%,,Non-Vegetarian,USA,Tablet,48107009342
59,44,GNC,80200622,Gnc Mega Men 50 Plus - Supports Heart Health Timed Release,GNC,,120 Caplets,GNC,Vitamins & Supplements,Multivitamins,4849,,21069099,18%,,Non-Vegetarian,USA,Capusle,48107155025
60,46,GNC,80200841,"GNC Milestones Teen Gummy Multivitamin For Teens 12-17 - Supports Immunity, Energy Production & Overall Health (120 Gummies)",GNC,,,GNC,Vitamins & Supplements,Multivitamins,2899,,21069099,18%,,Non-Vegetarian,USA,Gummies,48107115500
61,47,GNC,80200866,GNC Women's Ultra Mega 50 Plus For Skin Support & Bone Health (120 Caplets),GNC,,,GNC,Vitamins & Supplements,Multivitamins,4299,,21069099,18%,,Non-Vegetarian,USA,Tablet,48107158835
62,48,GNC,80200865,GNC Mega Men Timed Release (180 Caplets),GNC,,,GNC,Vitamins & Supplements,Multivitamins,4399,,21069099,18%,,Non-Vegetarian,USA,Tablet,48107158521
63,49,GNC,80200589,"GNC Triple Strength Fish Oil Supports Heart, Brain, Skin, Eye & Joint Health (60 Softgels)",GNC,,,GNC,Vitamins & Supplements,Fish Oil & Omegas,3599,,21069099,18%,,Non-Vegetarian,USA,Capusle,48107170615
64,50,GNC,80200833,GNC Vitamin C 1000mg A Protective Antioxidant that Provides Immune Support (180 Vegetarian Caplets),GNC,,,GNC,Vitamins & Supplements,Vitamins A-Z,2849,,21069099,18%,,Vegetarian,USA,Caplet,48107123574
65,51,GNC,80200032,GNC Men's Arginmax Sexual Health Formula for Men (90 Caplets),GNC,,,GNC,Vitamins & Supplements,Sexual Health,3499,,21069099,18%,,Non-Vegetarian,USA,Tablet,48107042936
66,52,GNC,80200003,"GNC Triple Cod Liver Oil - Supports Heart, Joint, Eye, Brain and Immune Health (90 Softgels)",GNC,,,GNC,Vitamins & Supplements,Fish Oil & Omegas,1999,,21069099,18%,,Non-Vegetarian,USA,Capusle,48107170608
67,53,GNC,80200380,GNC Fish Body Oil 1000mg with Omega 3 Fatty Acid (90 Softgels Capsules),GNC,,,GNC,Vitamins & Supplements,Fish Oil & Omegas,1999,,21069099,18%,,Non-Vegetarian,USA,Capusle,48107147501
68,54,GNC,80200072,GNC Mega Men Premium Multiple Vitamin and Mineral Supplement Formulated for Men With Nutraseal Freshness Coating - Timed Release (100 Tablets),GNC,,,GNC,Vitamins & Supplements,Multivitamins,3349,,21069099,18%,,Non-Vegetarian,USA,Tablet,48107064235
69,55,GNC,80200030,GNC Super Digestive Support Enzyme Promotes Digestion (100 Capsules),GNC,,,GNC,Digestion & Superfoods,Digestive Support,2749,,21069099,18%,,Non-Vegetarian,USA,Capusle,48107074159
70,56,GNC,80200763,GNC Fiber Gummies Natural Flavor for Healthy Digestion and Regularity (80 Gummies),GNC,,,GNC,Digestion & Superfoods,Digestive Support,3499,,21069099,18%,,Non-Vegetarian,USA,Gummies,48107080068
71,57,GNC,80200764,GNC Probiotic Complex Promotes Healthy Digestion and Supports Immune Health (10bn) (90 Capsules),GNC,,,GNC,Digestion & Superfoods,Digestive Support,3999,,21069099,18%,,Vegetarian,USA,Capusle,48107134778
72,58,GNC,80200375,GNC Cleansing Formula for Digestive Health (120 Capsules),GNC,,,GNC,Digestion & Superfoods,Cleansing & Detox,2549,,21069099,18%,,Non-Vegetarian,USA,Capusle,48107159160
73,59,GNC,80200684,GNC Ultra Probiotic Complex 25 a Health Supplement (30 Capsules),GNC,,,GNC,Digestion & Superfoods,Digestive Support,3149,,21069099,18%,,Vegetarian,USA,Capusle,48107111113
74,60,GNC,80200614,GNC Men's Ultra Saw Palmetto a Prostate Health Formula for Men (120 Tablets),GNC,,,GNC,Herbs & Natural Remedies,Herbs,2499,,21069099,18%,,Vegetarian,USA,Capusle,48107151003
75,61,GNC,80200685,GNC Ultra Probiotic Complex Plus a Health Supplement (30 Capsules),GNC,,,GNC,Digestion & Superfoods,Digestive Support,3299,,21069099,18%,,Non-Vegetarian,USA,Capusle,48107111533
76,62,GNC,80200473,GNC Green Tea Extract Veg Cap a Herbal Supplement (90 Capsules),GNC,,,GNC,Herbs & Natural Remedies,Anti-Oxidants,2199,,21069099,18%,,Vegetarian,USA,Capusle,48107152765
77,63,GNC,80200823,GNC Herbal Plus Capsule Cinnamon and Chromium Supports Glucose Utilization (60 Capsules),GNC,,,GNC,Herbs & Natural Remedies,Herbs,2049,,21069099,18%,,Vegetarian,USA,Capusle,48107128463
78,64,GNC,80200595,GNC Grape Seed Extract 100mg Supports Antioxidant Support (100 Capsules),GNC,,100 Capsules,GNC,Herbs & Natural Remedies,Herbs,2699,,21069099,18%,,Vegetarian,USA,Capusle,48107064884
79,65,GNC,80200469,GNC Kelp a Herbal Supplement (90 Capsules),GNC,,,GNC,Herbs & Natural Remedies,Greens & Superfoods,1749,,21069099,18%,,Vegetarian,USA,Tablet,48107152208
80,66,GNC,80200465,GNC Milk Thistle HP a Health Supplement (90 Capsules),GNC,,,GNC,Herbs & Natural Remedies,Herbs,3249,,21069099,18%,,Vegetarian,USA,Capusle,48107149383
81,67,GNC,80200399,GNC Cranberry Softgel Cap (100 Capsules),GNC,,,GNC,Herbs & Natural Remedies,Herbs,2199,,21069099,18%,,Non-Vegetarian,USA,Capusle,48107128760
82,68,GNC,80200311,GNC Green Tea Complex for Metabolism (100 Capsules),GNC,,,GNC,Herbs & Natural Remedies,Anti-Oxidants,2199,,21069099,18%,,Vegetarian,USA,Capusle,48107129026
83,69,GNC,80200129,GNC Aloe Vera That Reduces Inflammation & Promotes Healing Of Tissues in Body (90 Softgels capsules),GNC,,,GNC,Herbs & Natural Remedies,Herbs,2099,,21069099,18%,,Non-Vegetarian,USA,Capusle,48107163860
84,70,GNC,80200604,GNC Yohimbe a Traditional Male Herb (100 Capsules),GNC,,,GNC,Herbs & Natural Remedies,Herbs,3849,,21069099,18%,,Vegetarian,USA,Capusle,48107129217
85,71,GNC,80200070,GNC Triple Ginseng Enhances Men's Vitality for Overall Well Being (90 Capsules),GNC,,,GNC,Herbs & Natural Remedies,Herbs,3199,,21069099,18%,,Vegetarian,USA,Capusle,48107161231
86,72,GNC,80200663,GNC Spirulina a Health Supplement (100 Capsules),GNC,,,GNC,Herbs & Natural Remedies,Greens & Superfoods,1799,,21069099,18%,,Non-Vegetarian,USA,Capusle,48107116163
87,73,GNC,80200554,"GNC Vitamin D-3 1000 IU Supports Teeth, Bone and Immune Health ",GNC,,180 Tablets,GNC,Vitamins & Supplements,Vitamins A-Z,3049,,21069099,18%,,Non-Vegetarian,USA,Tablet,48107123543
88,73,GNC,80200630,"GNC Vitamin D-3 2000 IU Supports Teeth, Bone and Immune Health ",GNC,,180 Tablets,GNC,Vitamins & Supplements,Vitamins A-Z,3299,,21069099,18%,,Non-Vegetarian,USA,Tablet,48107123536
89,74,GNC,80200256,GNC Melatonin 3 mg Supports Restful Sleep (60 Tablets),GNC,,,GNC,Vitamins & Supplements,Specialty Supplements,1699,,21069099,18%,,Non-Vegetarian,USA,Tablet,48107123703
90,36,GNC,80200035,GNC Women's Hair Skin and Nails Formula Supports Beauty from Within ,GNC,,60 Tablets,GNC,Vitamins & Supplements,Beauty Care,2199,,21069099,18%,,Non-Vegetarian,USA,Tablet,48107155551
91,75,GNC,80200423,"GNC Women's Hair, Skin and Nails Program A Comprehensive Nutritional Program to Support Beauty from Within (30 Day Program)",GNC,,,GNC,Vitamins & Supplements,Beauty Care,4499,,21069099,18%,,Non-Vegetarian,USA,Capusle,48107166243
92,76,GNC,80200268,GNC Vitamin C 500mg A Dietary Supplement (90 Vegetarian Tablets),GNC,,,GNC,Vitamins & Supplements,Vitamins A-Z,2049,,21069099,18%,,Vegetarian,USA,Tablet,48107150068
93,77,GNC,80200182,GNC Niacin 500mg Supports Blood Vessel Health (100 Vegetarian Tablets),GNC,,,GNC,Vitamins & Supplements,Vitamins A-Z,1849,,21069099,18%,,Vegetarian,USA,Tablet,48107121518
94,78,GNC,80200187,GNC Folic Acid Tab 400 mcg - Supports Healthy Fetal Development and Red Blood Cells Formation (100 Vegetarian Tablets),GNC,,,GNC,Vitamins & Supplements,Vitamins A-Z,1149,,21069099,18%,,Vegetarian,USA,Tablet,48107121280
95,79,GNC,80200820,GNC Women's Menopause Formula - Supports Menopause Symptoms (30 Capsules),GNC,,,GNC,Vitamins & Supplements,Multivitamins,2699,,21069099,18%,,Non-Vegetarian,USA,Capusle,48107136963
96,80,GNC,80200028,"GNC Women's Ultra Mega Active Clinically Studied Multivitamin - Supports Energy Production, Bone Health, Recovery and Antioxidants - Timed Release (90 Caplets)",GNC,,,GNC,Vitamins & Supplements,Multivitamins,3049,,21069099,18%,,Non-Vegetarian,USA,Caplet,48107158927
97,81,GNC,80200262,"GNC Women's Evening Primrose Oil 500 Natural Source of GLA - Supports Hormonal Balance & Maintains Smooth, Healthy Looking Skin (90 Softgel )",GNC,,,GNC,Vitamins & Supplements,Fish Oil & Omegas,2149,,21069099,18%,,Non-Vegetarian,USA,Tablet,48107198947
98,82,GNC,80200295,"GNC Fish Body Oil 1000mcg - Supports Heart, Brain, Skin, Eye & Joint Health (180 Softgel Capsule)",GNC,,,GNC,Vitamins & Supplements,Fish Oil & Omegas,3249,,21069099,18%,,Non-Vegetarian,USA,Capusle,48107149055
99,83,GNC,80200405,GNC Vitamin B-12 1000mcg - Supports Carbohydrate Metabolism and Energy Production - Timed Release (90 Vegetarian Caplets),GNC,,,GNC,Vitamins & Supplements,Vitamins A-Z,2049,,21069099,18%,,Vegetarian,USA,Capusle,48107121310
100,84,GNC,80200272,"GNC Mega Men Clinically Studied Multivitamin - Supports Immune Health, Colon and Prostate Health - Timed Release (90 Caplets)",GNC,,,GNC,Vitamins & Supplements,Multivitamins,2849,,21069099,18%,,Non-Vegetarian,USA,Caplet,48107154912
101,85,GNC,80200816,GNC Mega Men One Daily Multivitamin - One Per Day (60 Caplets),GNC,,,GNC,Vitamins & Supplements,Multivitamins,2699,,21069099,18%,,Non-Vegetarian,USA,Caplet,48107120375
102,86,GNC,80200808,GNC Mega Men Diabetic Support - Supports Glucose Metabolism - Timed Release (90 Caplets),GNC,,,GNC,Vitamins & Supplements,Multivitamins,3999,,21069099,18%,,Non-Vegetarian,USA,Caplet,48107123765
103,87,GNC,80200757,"Neocell Super Collagen + C Type 1 & 3 - Supports Hair, Skin, Nails, Joints, & Bones (120 Tablets)",GNC,,,GNC,Vitamins & Supplements,Beauty Care,3299,,21069099,18%,,Non-Vegetarian,USA,Tablet,16185128958
104,88,GNC,80200837,GNC Ultra Chromium Picolinate 800 mcg - Supports Glucose Utilization (60 Capsules),GNC,,,GNC,Vitamins & Supplements,Specialty Supplements,2049,,21069099,18%,,Non-Vegetarian,USA,Capusle,48107122393
105,89,GNC,80200138,Gnc Calcium Citrate 1000 mg (180 Vegetarian Caplets),GNC,,,GNC,Vitamins & Supplements,Minerals,2399,,21069099,18%,,Vegetarian,USA,Caplet,48107122911
106,90,GNC,80200556,"GNC Women's Ultra Mega Active Clinically Studied Multivitamin - Supports Energy Production, Bone Health, Recovery and Antioxidants - Timed Release (180 Caplets)",GNC,,,GNC,Vitamins & Supplements,Multivitamins,4599,,21069099,18%,,Non-Vegetarian,USA,Tablet,48107158934
107,91,GNC,80200756,"GNC Super Collagen Powder for Skin, Hair, Nails, Joints & Bones (198 gm)",GNC,,,GNC,Vitamins & Supplements,Beauty Care,3199,,21069099,18%,,Non-Vegetarian,USA,Powder,16185019867
108,92,GNC,80200211,GNC Vitamin E Gel Hydrates And Protects Skin (50Gm),GNC,,,GNC,Vitamins & Supplements,Personal Care,799,,33049990,18%,,Vegetarian,USA,Gel,48107066871
109,93,GNC,80200818,"GNC Women's Ultra Mega One Daily Multivitamin for Healthy Hair, Skin and Nail (60 Caplets)",GNC,,,GNC,Vitamins & Supplements,Multivitamins,2799,,21069099,18%,,Non-Vegetarian,USA,Caplet,48107120399
110,94,GNC,80200288,GNC Natural E 400 IU 100% with Natural Mixed Tocopherol (100 Softgel Capsules),GNC,,,GNC,Vitamins & Supplements,Vitamins A-Z,2349,,21069099,18%,,Non-Vegetarian,USA,Capusle,48107147877
111,95,GNC,80200815,GNC Women's Ultra Mega 50 Plus One Daily - One Per Day Multivitamin - Supports Healthy Aging (60 Caplets),GNC,,,GNC,Vitamins & Supplements,Multivitamins,2749,,21069099,18%,,Non-Vegetarian,USA,Caplet,48107120405
112,96,GNC,80200134,GNC Vitamin E 1000 IU 100% Natural - Supports Healthy Cardiovascular System (60 Softgels),GNC,,,GNC,Vitamins & Supplements,Vitamins A-Z,3249,,21069099,18%,,Non-Vegetarian,USA,Capusle,
113,97,GNC,80200632,GNC Mega Men Prostate and Virility - Supports Colon and Immune Health Time Release (90 Caplets),GNC,,,GNC,Vitamins & Supplements,Multivitamins,2649,,21069099,18%,,Non-Vegetarian,USA,Caplet,48107094669
114,98,GNC,80200407,"GNC Milestones Mega Teen multivitamin for Teens - Supports Energy Production, Strong Bones and Immune Health (120 Caplets)",GNC,,,GNC,Vitamins & Supplements,Multivitamins,2299,,21069099,18%,,Non-Vegetarian,USA,Capusle,48107147532
115,99,GNC,80200209,"GNC Vitamins E, A & D Moisturizing Cream (57 gm)",GNC,,,GNC,Vitamins & Supplements,Personal Care,699,,33049990,18%,,Vegetarian,USA,Cream,48107066840
116,100,GNC,80200239,GNC Cod Liver Oil with Vitamin A & Vitamin D Supplement (100 Softgel Capsules),GNC,,,GNC,Vitamins & Supplements,Fish Oil & Omegas,1349,,21069099,18%,,Non-Vegetarian,USA,Capusle,48107148928
117,101,GNC,80200208,GNC Vitamin C Moisturizing Cream (57Gm),GNC,,,GNC,Vitamins & Supplements,Personal Care,699,,33049990,18%,,Vegetarian,USA,Cream,48107066857
118,102,GNC,80200152,GNC Big 100 B-Complex Formula (100 Vegetarian Tablets),GNC,,,GNC,Vitamins & Supplements,Vitamins A-Z,2899,,21069099,18%,,Vegetarian,USA,Caplet,48107148997
119,103,GNC,80200306,GNC Mega Men Heart (90 Caplets),GNC,,,GNC,Vitamins & Supplements,Multivitamins,2949,,21069099,18%,,Non-Vegetarian,USA,Caplet,48107094430
120,104,GNC,80200627,"GNC Triple Strength Fish Oil Promotes Joint, Brain and Skin Health - Enteric Coated Helps Controls Fishy Burps (120 Softgels)",GNC,,,GNC,Vitamins & Supplements,Fish Oil & Omegas,6399,,21069099,18%,,Non-Vegetarian,USA,Capusle,48107043209
121,105,GNC,80200243,GNC Iron 18mg (100 Vegetarian Tablets),GNC,,,GNC,Vitamins & Supplements,Minerals,1099,,21069099,18%,,Vegetarian,USA,Tablet,48107148270
122,106,GNC,80200027,GNC Women's Ultra Mega 50 Plus Premium Multivitamin for Women Over 50 (60 Tablets),GNC,,,GNC,Vitamins & Supplements,Multivitamins,2999,,21069099,18%,,Non-Vegetarian,USA,Capusle,48107158309
123,107,GNC,80200714,"GNC Milestones Teen Multivitamin For Boys 12-17 - Supports Energy Production, Muscle Function, Healthy Skin, Immunity & Overall Health (120 Caplets)",GNC,,,GNC,Vitamins & Supplements,Multivitamins,2549,,21069099,18%,,Non-Vegetarian,USA,Caplet,48107161118
124,108,GNC,80200307," GNC Women's Ultra Mega Heart Clinically Studied Multivitamin - Supports Normal, Healthy Cholesterol Levels - Timed Release (90 Caplets)",GNC,,,GNC,Vitamins & Supplements,Multivitamins,3049,,21069099,18%,,Non-Vegetarian,USA,Tablet,48107094607
125,109,GNC,80200158,GNC Women's Iron Complete High Potency Formula (60 Tablets),GNC,,,GNC,Vitamins & Supplements,Minerals,1649,,21069099,18%,,Non-Vegetarian,USA,Tablet,48107011765
126,110,GNC,80200481,GNC Women's Daily Calcium Support with Vitamin D and Magnesium (90 Tablets),GNC,,,GNC,Vitamins & Supplements,Minerals,2249,,21069099,18%,,Non-Vegetarian,USA,Tablet,48107152437
127,111,GNC,80200498,"GNC Triflex Fast-Acting Soothes Achy Joints, Promotes Mobility & Flexibility (120 Caplets)",GNC,,,GNC,Vitamins & Supplements,Joint Support,5099,,21069099,18%,,Non-Vegetarian,USA,Caplet,48107165314
128,112,GNC,80200754,Neocell Collagen Beauty Builder - Supports Radiant Skin and Strong Nails (150 Tablets),GNC,,,GNC,Vitamins & Supplements,Beauty Care,3849,,21069099,18%,,Non-Vegetarian,USA,Tablet,16185129313
129,113,GNC,80200863,"GNC Triple Strength Fish Oil Mini- Supports Heart, Brain, Skin, Eye & Joint Health (240 Mini Softgel)",GNC,,,GNC,Vitamins & Supplements,Fish Oil & Omegas,7999,,21069099,18%,,Non-Vegetarian,USA,Softgel,48107170493
130,114,GNC,80200421,"GNC Biotin 2500 mcg Supports Healthy Hair, Skin & Nails (120 Capsules)",GNC,,,GNC,Vitamins & Supplements,Beauty Care,2099,,21069099,18%,,Non-Vegetarian,USA,Capusle,48107122805
131,115,GNC,80200176,GNC Liver Health Supports Liver Health (50 Vegetarian Capsules),GNC,,,GNC,Vitamins & Supplements,Specialty Supplements,3299,,21069099,18%,,Vegetarian,USA,Capusle,48107127466
132,116,GNC,80200170,"GNC Energy Formula - Improves Mental Alertness, Enhances Physical Performance & Fuels Metabolism (100 Vegetarian Capsules)",GNC,,,GNC,Vitamins & Supplements,Specialty Supplements,2549,,21069099,18%,,Vegetarian,USA,Capusle,48107128401
133,117,GNC,80200652,"GNC Ultra Mega Green Men's Multivitamin Provides Heart, Antioxidant and Prostate Support (60 Caplets)",GNC,,,GNC,Vitamins & Supplements,Multivitamins,2599,,21069099,18%,,Vegetarian,USA,Caplet,48107154967
134,118,GNC,80200171,GNC Bilberry for Eye Health (100 Capsules),GNC,,,GNC,Herbs & Natural Remedies,Herbs,3399,,21069099,18%,,Vegetarian,USA,Capusle,48107128944
135,119,GNC,80200219,GNC Asian White Ginseng Root 500mg a Dietary Supplement (90 Capsules),GNC,,,GNC,Herbs & Natural Remedies,Herbs,2599,,21069099,18%,,Vegetarian,USA,Capusle,48107147563
136,120,GNC,80200623,GNC Ginkgo Biloba 60 mg for Mental Sharpness (100 Capsules),GNC,,,GNC,Herbs & Natural Remedies,Herbs,1599,,21069099,18%,,Vegetarian,USA,Capusle,48107129170
137,121,GNC,80200658,GNC Super Garlic Odorless 1100mg Supports Cardiovascular Health (100 Tablets),GNC,,,GNC,Herbs & Natural Remedies,Herbs,3149,,21069099,18%,,Vegetarian,USA,Capusle,48107128340
138,64,GNC,80200496,GNC Grape Seed Extract 300mg Provides Antioxidant Support ,GNC,,100 Capsules,GNC,Herbs & Natural Remedies,Anti-Oxidants,2799,,21069099,18%,,Vegetarian,USA,Capusle,48107127244
139,122,GNC,80200353,GNC American Ginseng 500mg a Health Supplement (90 Capsules),GNC,,,GNC,Herbs & Natural Remedies,Herbs,2699,,21069099,18%,,Vegetarian,USA,Capusle,48107063375
140,123,GNC,80200588,GNC Liver Formula Supports Healthy Liver Function (90 Tablets),GNC,,,GNC,Vitamins & Supplements,Specialty Supplements,2749,,21069099,18%,,Non-Vegetarian,USA,Caplet,48107152185
141,124,GNC,80200127,GNC Men's Horny Goat Weed - Traditionally Used to Support Sexual Health ,GNC,,60 Capsules,GNC,Vitamins & Supplements,Sexual Health,3949,,21069099,18%,,Non-Vegetarian,USA,Capusle,48107054786
142,125,GNC,80200696,GNC Focus Formula Supports Blood Flow and Improves Concentration (60 Tablets),GNC,,,GNC,Vitamins & Supplements,Specialty Supplements,2299,,21069099,18%,,Non-Vegetarian,USA,Tablet,35046095758
143,126,GNC,80200610,"GNC Triple Strength Krill Oil Supports Heart, Brain & Joint Health (60 Mini Softgels)",GNC,,,GNC,Vitamins & Supplements,Fish Oil & Omegas,4099,,21069099,18%,,Non-Vegetarian,USA,Softgel,48107170509
144,127,GNC,80200653,"GNC Ultra Mega Green Women's Multivitamin - For Heart, Bone, Beauty (60 Caplets)",GNC,,,GNC,Vitamins & Supplements,Multivitamins,2799,,21069099,18%,,Vegetarian,USA,Caplet,48107154974
145,128,GNC,80200372,GNC Super Coenzyme Q-10 100mg (30 Softgel Capsules),GNC,,,GNC,Vitamins & Supplements,Anti-Oxidants,3999,,21069099,18%,,Non-Vegetarian,USA,Capusle,48107150624
146,129,GNC,80200728,GNC (Resvitale) Keratin Enhance with Biotin and Resveratrol (60 Veggie Capsules),GNC,,,GNC,Vitamins & Supplements,Beauty Care,5499,,21069099,18%,,Vegetarian,USA,Capusle,94922016911
147,130,GNC,80200401,"GNC Women's Biotin Shampoo For Hair Nourishing, 12Oz (354 Ml)",GNC,,,GNC,Vitamins & Supplements,Personal Care,1199,,33051090,18%,,Vegetarian,USA,Liquid,48107153588
148,124,GNC,80200620,GNC Men's Horny Goat Weed - Traditionally Used to Support Sexual Health ,GNC,,120 Capsules,GNC,Vitamins & Supplements,Sexual Health,6999,,21069099,18%,,Non-Vegetarian,USA,Capusle,48107061487
149,131,GNC,80200730,GNC Men's Staminol Ultra Daily Formula for Male Performance (60 Caplets),GNC,,,GNC,Vitamins & Supplements,Sexual Health,5649,,21069099,18%,,Vegetarian,USA,Caplet,48107103361
150,132,GNC,80200768,GNC Stainless Steel Shaker,GNC,,,GNC,Protein & Fitness,Accessories,2549,,73231000,12%,,,USA,,48107155148
151,133,GNC,80200755,"GNC Preventive Nutrition Healthy Blood Sugar Formula - Support Normal, Healthy Blood Glucose Levels and Healthy Inflammatory Response (90 Caplets)",GNC,,,GNC,Vitamins & Supplements,Specialty Supplements,4599,,21069099,18%,,Non-Vegetarian,USA,Capusle,48107118341
152,41,GNC,80200870,GNC Mega Men Sport (180 Caplets),GNC,,180 Caplets,GNC,Vitamins & Supplements,Multivitamins,4899,,21069099,18%,,Non-Vegetarian,USA,Tablet,48107158552
153,134,GNC,80200882,"GNC Triple Strength Fish Oil Mini Supports Heart, Brain, Skin, Eye & Joint Health (120 Softgels)",GNC,,,GNC,Vitamins & Supplements,Fish Oil & Omegas,4699,,21069099,18%,,Non-Vegetarian,USA,Softgel,48107170592
154,135,GNC,80200886,GNC PP JAXX Shaker Black-Mini 1s,GNC,,,GNC,Protein & Fitness,Accessories,999,,39269099,18%,,,USA,,48107160463
155,136,GNC,80200879,GNC JAXX Shaker Black color 1s,GNC,,,GNC,Protein & Fitness,Accessories,1149,,39269099,18%,,,USA,,48107160715
156,137,GNC,80200665,GNC Total Lean Waterex - Regulate Water Balance and Enhanced with Vital Electrolytes (60 Capsules),GNC,,,GNC,Weight Management,Appetite Control & Diet Support,1599,,21069099,18%,,Non-Vegetarian,USA,Capusle,48107084721
157,138,GNC,80200015,GNC Pro Performance ThermoBurst Hardcore -Thermogenic Formula - Improves Endurance and Athletic Performance and Ignites The Metabolism To Burn More Calories  (90 Tablets),GNC,,,GNC,Weight Management,Fat & Calorie Burners,3599,,21069099,18%,,Non-Vegetarian,USA,Tablet,48107091750
158,139,GNC,80200570,"GNC Total Lean Burn 60 - Powerful Thermogenic Formula - Boosts Energy, Metabolism And Burn Calories  (60 Cinnamon Flavored Tablets)",GNC,,,GNC,Weight Management,Fat & Calorie Burners,3049,,21069099,18%,,Vegetarian,USA,Tablet,48107078782
159,140,GNC,80200230,GNC Pro Performance CLA 1000mg - Supports Lean Muscle Mass and Fuels Fat Metabolism Without Stimulants (90 Softgels),GNC,,,GNC,Weight Management,Fat & Calorie Burners,3599,,21069099,18%,,Non-Vegetarian,USA,Softgel,48107169046
160,141,GNC,80200467,GNC Garcinia Cambogia 500mg (90 Vegetarian Capsules),GNC,,,GNC,Weight Management,Appetite Control & Diet Support,1799,,21069099,18%,,Vegetarian,USA,Capusle,48107154783
161,142,GNC,80200664,"GNC Total Lean CLA - Supports Healthy Body Composition, Metabolism and Maintain Lean Muscle Mass (90 Softgel Capsules)",GNC,,,GNC,Weight Management,Fat & Calorie Burners,3049,,21069099,18%,,Non-Vegetarian,USA,Capusle,48107098537
162,143,GNC,80200707,"GNC Total Lean Lean Shake 25 - Helps Feel Fuller, Supports Normal, Healthy Cholesterol Levels, and Fuels Metabolism and Lean Muscle Tone",GNC,French Vanilla,832 G,GNC,Weight Management,Meal Replacements,4949,,21061000,18%,Vanilla,Vegetarian,USA,Powder,48107098902
163,143,GNC,80200706,"GNC Total Lean Lean Shake 25 - Helps Feel Fuller, Supports Normal, Healthy Cholesterol Levels, and Fuels Metabolism and Lean Muscle Ton ",GNC,Rich Chocolate,832 G,GNC,Weight Management,Meal Replacements,4949,,21061000,18%,Chocolate,Vegetarian,USA,Powder,48107098285
164,144,GNC,80200790,GNC Total Lean Advanced Lean Shake Burn - Calorie Burning Thermogenic and Whey Protein Blend ,GNC,Chocolate Fudge,26.72 Oz,GNC,Weight Management,Meal Replacements,5399,,21061000,18%,Chocolate,Vegetarian,USA,Powder,48107142230
165,144,GNC,80200791,GNC Total Lean Advanced Lean Shake Burn - Calorie Burning Thermogenic and Whey Protein Blend ,GNC,Cookies & Cream,26.72 Oz,GNC,Weight Management,Meal Replacements,5399,,21061000,18%,Cookies and cream,Vegetarian,USA,Powder,48107151256
166,144,GNC,80200897,GNC Total Lean Advanced Lean Shake Burn - Calorie Burning Thermogenic and Whey Protein Blend ,GNC,Vanilla Creame ,26.72 Oz,GNC,Weight Management,Meal Replacements,5199,,21061000,18%,Vanilla crème,Vegetarian,USA,Powder,48107146887
167,145,GNC,80200779,GNC Women’s Ultra Mega  Diabetic Support - Support Glucose Metabolism - Timed Release (90 Caplets),GNC,,,GNC,Vitamins & Supplements,Multivitamins,3899,,21069099,18%,,Non-Vegetarian,USA,Caplet,48107123772
168,146,GNC,80200273,GNC Women’s Ultra Mega Bone Density Without Iron And Iodine - Clinically Studied Multivitamin - Timed Release (120 Caplets),GNC,,,GNC,Vitamins & Supplements,Multivitamins,2599,,21069099,18%,,Non-Vegetarian,USA,Caplet,48107094591
169,147,GNC,80200037,"GNC Women's Ultra Nourish-Hair - Advanced Nutrition For Beautiful Hair- Supports The Structural Foundation Of Strong, Healthy Hair (120 Caplets)",GNC,,,GNC,Vitamins & Supplements,Beauty Care,2999,,21069099,18%,,Non-Vegetarian,USA,Caplet,48107014001
170,148,GNC,80200257,GNC Salmon Oil 1000mg a Dietary Supplement with Omega-3 Fatty Acids  (180 Softgel Capsules),GNC,,,GNC,Vitamins & Supplements,Fish Oil & Omegas,3499,,21069099,18%,,Non-Vegetarian,USA,Capusle,48107150600
171,149,GNC,80200108,GNC Women’s Ultra Mega- High Potency Vitamin and Mineral Formula- Designed For Women's Nutritional Need- Timed Release (90 Tablets),GNC,,,GNC,Vitamins & Supplements,Multivitamins,2999,,21069099,18%,,Vegetarian,USA,Tablet,48107150136
172,150,GNC,80200598,GNC Alpha Lipoic Acid 300mg Supports Antioxidant Regeneration (60 Caplets),GNC,,,GNC,Vitamins & Supplements,Anti-Oxidants,2149,,21069099,18%,,Non-Vegetarian,USA,Caplet,48107123734
173,151,GNC,80200713,"GNC Teen Multi Vitamin for Skin, Bone & Immunity Support (120 Caplets)",GNC,,,GNC,Vitamins & Supplements,Multivitamins,2599,,21069099,18%,,Non-Vegetarian,USA,Caplet,48107119997
174,152,GNC,80200088,GNC Beta Carotene 6 mg (100 Softgel Capsules),GNC,,,GNC,Vitamins & Supplements,Specialty Supplements,1049,,21069099,18%,,Non-Vegetarian,USA,Softgel,48107149031
175,153,GNC,80200317,GNC Triflex Supports Joint Mobility and Flexibility (120 Caplets),GNC,,,GNC,Vitamins & Supplements,Joint Support,4799,,21069099,18%,,Non-Vegetarian,USA,Tablet,48107165659
176,154,GNC,80200719,GNC (Irwin) Steel Libido Enhances Pleasure & Male Physical Performance (75 Softgels),GNC,,,GNC,Vitamins & Supplements,Sexual Health,3949,,21069099,18%,,Non-Vegetarian,USA,Softgel,710363262389
177,155,GNC,80200221,GNC Mega Men Multivitamin for Men (200 Tablets),GNC,,,GNC,Vitamins & Supplements,Multivitamins,5199,,21069099,18%,,Non-Vegetarian,USA,Caplet,48107064228
178,156,GNC,80200155,GNC Ultra Mega Vegetarian Multivitamin and Mineral Formula (180 Caplets),GNC,,,GNC,Vitamins & Supplements,Multivitamins,4899,,21069099,18%,,Vegetarian,USA,Caplet,48107082697
179,157,GNC,80200386,"GNC Men's Biotin Shampoo Helps Maintain Thicker, Healthier Hair 12Oz (354 Ml)",GNC,,,GNC,Vitamins & Supplements,Personal Care,1299,,33051090,18%,,Vegetarian,USA,Liquid,48107153595
180,158,GNC,80200693,GNC Attentive Child Supports Brain Metabolism (60 Chewable Wafers),GNC,,,GNC,Vitamins & Supplements,Multivitamins,2399,,21069099,18%,,Non-Vegetarian,USA,Tablet,21078012146
181,159,GNC,80200192,GNC Women's Evening Primrose Oil 1300mg Supports Hormonal Balance (90 Softgels),GNC,,,GNC,Vitamins & Supplements,Fish Oil & Omegas,2799,,21069099,18%,,Non-Vegetarian,USA,Softgel,48107006839
182,160,GNC,80200180,GNC Vitamin B 12 1000mcg - Essential for the Metabolism of Carbohydrates (100 Tablets),GNC,,,GNC,Vitamins & Supplements,Vitamins A-Z,1499,,21069099,18%,,Vegetarian,USA,Tablet,48107121426
183,161,GNC,80200731,Resvitale Resveratrol 250 mg Helps Support Cellular Productivity (60 Capsules),GNC,,,GNC,Herbs & Natural Remedies,Anti-Oxidants,6049,,21069099,18%,,Vegetarian,USA,Capusle,94922481191
184,162,GNC,80200807,"GNC Triple Strength Omega Complex (Lemon Flavor) - Supports Heart, Brain, Skin, Eye & Joint Health (90 Softgels)",GNC,,,GNC,Vitamins & Supplements,Fish Oil & Omegas,3249,,21069099,18%,,Non-Vegetarian,USA,Softgel,48107089290
185,163,GNC,80200921,GNC Pro Performance Amplified Pure Isolate ,GNC,Chocolate,2.13 Lbs,GNC,Protein & Fitness,Protein,6749,,21061000,18%,,,USA,,
186,163,GNC,80200922,GNC Pro Performance Amplified Pure Isolate ,GNC,Vanilla,1.98 Lbs,GNC,Protein & Fitness,Protein,6749,,21061000,18%,,,USA,,
187,163,GNC,80200923,GNC Pro Performance Amplified Pure Isolate ,GNC,Chocolate,5.32 Lbs,GNC,Protein & Fitness,Protein,13499,,21061000,18%,,,USA,,
188,163,GNC,80200924,GNC Pro Performance Amplified Pure Isolate ,GNC,Vanilla,4.94 Lbs,GNC,Protein & Fitness,Protein,13499,,21061000,18%,,,USA,,
189,164,GNC,80200819,GNC Mega Men 50 Plus One Daily Multivitamin (60 Caplets),GNC,,,GNC,Vitamins & Supplements,Multivitamins,2799,,21069099,18%,,Non-Vegetarian,USA,Caplet,48107120382
190,165,GNC,80200712,GNC Triple Strength Fish Oil 1400 + CoQ10 Enteric Coated to Control Fishy Burps (60 Softgels),GNC,,,GNC,Vitamins & Supplements,Fish Oil & Omegas,4149,,21069099,18%,,Non-Vegetarian,USA,Capusle,48107096625
191,166,GNC,80200949,GNC (RESVITALE) Collagen Powder Renew (30 Servings) (78gm),GNC,,,GNC,Vitamins & Supplements,Beauty Care,3499,,21069099,18%,,,USA,,
192,167,GNC,80200210,GNC Aloe Vera Cream 57gm,,,,,,,,,,,,,,,
193,168,GNC,80200071,GNC Apple Cidar Vinegar 120 tablets,,,,,,,,,,,,,,,